唐寅 | 嘉峪关,免战到期:2023-07-01 16:30:31
唐寅 | 玉门关,免战到期:2023-07-01 16:30:31
唐寅 | 山海关,免战到期:2023-07-01 16:30:31
唐寅 | 娘子关,免战到期:2023-07-01 16:30:31
唐寅 | 雁门关,免战到期:2023-07-01 16:30:31
唐寅 | 函谷关,免战到期:2023-07-01 16:30:31
唐寅 | 剑门关,免战到期:2023-07-01 16:30:31
唐寅 | 居庸关,免战到期:2023-07-01 16:30:31
唐寅 | 武胜关,免战到期:2023-07-01 16:30:31
唐寅 | 紫荆关,免战到期:2023-07-01 16:30:31
唐寅 | 虎牢关,免战到期:2023-07-01 16:30:31
唐寅 | 友谊关,免战到期:2023-07-01 16:30:31
唐寅 | 潼 关,免战到期:2023-07-01 16:30:31
顾线线 | 赴°,免战到期:2023-10-30 00:47:17
顾线线 | 德°,免战到期:2023-10-30 00:47:17
顾线线 | 留°,免战到期:2023-10-30 00:47:17
顾线线 | 学°,免战到期:2023-10-30 00:47:17
顾线线 | 的°,免战到期:2023-10-30 00:47:17
顾线线 | 日°,免战到期:2023-10-30 00:47:17
顾线线 | 子°,免战到期:2023-10-30 00:47:17
顾线线 | 请°,免战到期:2023-10-30 00:47:17
顾线线 | 下°,免战到期:2023-10-30 00:47:17
顾线线 | 手°,免战到期:2023-10-30 00:47:17
顾线线 | 轻°,免战到期:2023-10-30 00:47:17
顾线线 | 一°,免战到期:2023-10-30 00:47:17
顾线线 | 些°,免战到期:2023-10-30 00:47:17
胸小话少表情叼 | 恋°,免战到期:2023-09-07 01:20:29
胸小话少表情叼 | 爱°,免战到期:2023-09-07 01:20:29
胸小话少表情叼 | 加°,免战到期:2023-09-07 01:20:29
胸小话少表情叼 | 好°,免战到期:2023-09-07 01:20:29
胸小话少表情叼 | 友°,免战到期:2023-09-07 01:20:29
胸小话少表情叼 | 我°,免战到期:2023-09-07 01:20:29
胸小话少表情叼 | 看°,免战到期:2023-09-07 01:20:29
胸小话少表情叼 | 谁°,免战到期:2023-09-07 01:20:29
胸小话少表情叼 | 喜°,免战到期:2023-09-07 01:20:29
胸小话少表情叼 | 欢°,免战到期:2023-09-07 01:20:29
胸小话少表情叼 | 本°,免战到期:2023-09-07 01:20:29
胸小话少表情叼 | 公°,免战到期:2023-09-07 01:20:29
胸小话少表情叼 | 主°,免战到期:2023-09-07 01:20:29
青春 | 『江北』,免战到期:2023-06-26 01:12:55
青春 | 『渝北』,免战到期:2023-06-26 01:12:55
青春 | 『渝中』,免战到期:2023-06-26 01:12:55
青春 | 『北碚』,免战到期:2023-06-26 01:12:55
青春 | 『巴南』,免战到期:2023-06-26 01:12:55
青春 | 『萬州』,免战到期:2023-06-26 01:12:55
青春 | 『開州』,免战到期:2023-06-26 01:12:55
青春 | 『榮昌』,免战到期:2023-06-26 01:12:55
青春 | 『黔江』,免战到期:2023-06-26 01:12:55
青春 | 『永川』,免战到期:2023-06-26 01:12:55
青春 | 『合川』,免战到期:2023-06-26 01:12:55
青春 | 『涪陵』,免战到期:2023-06-26 01:12:55
青春 | 『長壽』,免战到期:2023-06-26 01:12:55
怒翼龙 | 金铲铲,免战到期:2023-08-02 02:01:40
怒翼龙 | 鸭嘴兽别贴我,免战到期:2023-08-02 02:01:40
怒翼龙 | 帅得让妞犯罪,免战到期:2023-08-02 02:01:40
怒翼龙 | 我的泪无所谓,免战到期:2023-08-02 02:01:40
怒翼龙 | 不想让你长大,免战到期:2023-08-02 02:01:40
怒翼龙 | 相遇的地点,免战到期:2023-08-02 02:01:40
怒翼龙 | 空城泪,免战到期:2023-08-02 02:01:40
怒翼龙 | 旧王愁,免战到期:2023-08-02 02:01:40
怒翼龙 | 西海岸,免战到期:2023-08-02 02:01:40
怒翼龙 | 天空城,免战到期:2023-08-02 02:01:40
怒翼龙 | 切尔西,免战到期:2023-08-02 02:01:40
怒翼龙 | 来打死我啊,免战到期:2023-08-02 02:01:40
忆苍年 | 少时从军,免战到期:2023-09-17 01:15:44
忆苍年 | __边疆外,免战到期:2023-09-17 01:15:44
忆苍年 | 不知洛阳,免战到期:2023-09-17 01:15:44
忆苍年 | __路何在,免战到期:2023-09-17 01:15:44
忆苍年 | 十年征战,免战到期:2023-09-17 01:15:44
忆苍年 | __发鬓白,免战到期:2023-09-17 01:15:44
忆苍年 | 忽闻故人,免战到期:2023-09-17 01:15:44
忆苍年 | __梦中来,免战到期:2023-09-17 01:15:44
忆苍年 | 青梅折柳,免战到期:2023-09-17 01:15:44
忆苍年 | __花凋落,免战到期:2023-09-17 01:15:44
忆苍年 | 白驹过隙,免战到期:2023-09-17 01:15:44
忆苍年 | __光阴过,免战到期:2023-09-17 01:15:44
忆苍年 | 沉默不语,免战到期:2023-09-17 01:15:44
小屁孩 | 侦查个球,免战到期:2023-06-30 14:06:13
小屁孩 | 不服来吃,免战到期:2023-06-30 14:06:13
小屁孩 | 打个架,免战到期:2023-06-30 14:06:13
小屁孩 | BB个不停,免战到期:2023-06-30 14:06:13
小屁孩 | 找优越感？,免战到期:2023-06-30 14:06:13
小屁孩 | 刷存在感？,免战到期:2023-06-30 14:06:13
小屁孩 | 在我眼里,免战到期:2023-06-30 14:06:13
小屁孩 | 球也不是,免战到期:2023-06-30 14:06:13
小屁孩 | 求0,免战到期:2023-06-30 14:06:13
小屁孩 | 虎5,免战到期:2023-06-30 14:06:13
小屁孩 | 重6,免战到期:2023-06-30 14:06:13
小屁孩 | 重7,免战到期:2023-06-30 14:06:13
小屁孩 | 重8,免战到期:2023-06-30 14:06:13
小屁孩 | 虎6,免战到期:2023-06-30 14:06:13
小屁孩 | 虎7,免战到期:2023-06-30 14:06:13
呐呐呐 | 呐呐丶壹,免战到期:2023-07-02 12:55:49
呐呐呐 | 呐呐丶贰,免战到期:2023-07-02 12:55:49
呐呐呐 | 1,免战到期:2023-07-02 12:55:49
呐呐呐 | 呐呐丶肆,免战到期:2023-07-02 12:55:49
呐呐呐 | 4,免战到期:2023-07-02 12:55:49
呐呐呐 | 呐呐丶陆,免战到期:2023-07-02 12:55:49
呐呐呐 | 2,免战到期:2023-07-02 12:55:49
呐呐呐 | 呐呐丶捌,免战到期:2023-07-02 12:55:49
呐呐呐 | 呐呐丶玖,免战到期:2023-07-02 12:55:49
呐呐呐 | 呐呐丶拾,免战到期:2023-07-02 12:55:49
呐呐呐 | 6,免战到期:2023-07-02 12:55:49
呐呐呐 | 3,免战到期:2023-07-02 12:55:49
呐呐呐 | 5,免战到期:2023-07-02 12:55:49
